SupplierID,Name,ContactInfo,Address
1,hFimgcFSbz,cxPaayanAtQW,YTmcSphGuSebQnwvnFkc
2,TUkxsUClqX,FXeBBlvjJnyU,vrYrKVnzcKeMDedycpjH
3,eipqUeWvYn,ZJdVwlHHVhbM,sMnWPcsCjeCOhHcaLZdp
4,kdjrkTYGCg,WhnCUrBSFwym,PxMmmOehakEoAaVupQsM
5,yPEPEACboX,ZxYLfAOZKuLe,VxQdikKQtLWZmajSNNwi
6,AtACdrAdJA,oaeZrfOQuOSw,caFszJBeptVMqPsnlVZk
7,FLOVtvmSOg,JvRVaNpzUoSK,yNmXYZvvYTXtsDYFrLFd
8,yFiZNJNdQb,hdTCrAtGPSIy,KKNwhqRdgqTJQvUcoFGG
9,DwUhyyhygf,mcbOgiDJlxWX,xaLZbChvzKFRgWUgpQPE
10,MytzObBHCq,ykSEAjZkuNeK,AijoLcQYNdhRbysXZIDS
11,LCRJQFHTIM,XLHGScUxEOgL,KPNPwDTFHUCYaNmjCQFR
12,YXCUJltnFa,jKmeHHWdHGvJ,VWRpfaEcESBmExIZlOPw
13,vGpoKITcQE,CnckDEVndJeK,evjvYnfeHqxORgzDZutR
14,RuSIyuDxmY,MVvPTCwsvtfG,wOeLdzlwnmVDLMTSFEhr
15,KiZgPZMpye,sWrwJHevHdAJ,STLrxkcWojpWMKveDLnD
16,kkZPFNnxoz,AbwwbdpyLzNE,aLSdOPbCAERGsKVexAHf
17,dqoexsQbda,ZfqvMpAKjiHu,antghKTJqucInJLYpsGY
18,sTIMjazMud,CCknAqoBAWPn,WHPTyhlKKnfCySjEJake
19,HOvHRxSTRv,rTODdVSvexqS,XVOwpnEKJphHSjobomRP
20,pamHvvjtjB,lzEbUqwlajwO,HXpOzRLvRwTRYYMjVjkh
21,HuXZIMhsAH,aXIXSDMyqdOM,JcVmyMoVeosZfuSgQcuN
22,YwiTSCCroL,baaPayKKScTs,ykzqKjALpwDGVHQilQat
23,QAphwPkibz,vlMFMvRXYnLc,eJqcIpcvVjyVuiKTisrj
24,dCqqKEtAMy,cxETCUPSHgAj,KnUKFBxsHmuZjlXLqInB
25,bqBkOkmqax,vFMdIVuBYBNi,rqBxLRmLfGqkMrBKgSgH
26,NGHqPyquqt,USkYncaroPOR,DZFWXueQDkvuFdPycBqp
27,EyxAjbHMJn,ZhqFTnpNnaMc,pexORwawThXUpjQVwcWs
28,STSollyUVu,GKbuzUhnHWSJ,jLNNNwzeZQyZzcQtwFtQ
29,ZgTKxiwsle,KlqvtJgBxHwY,qDjMGIEjrQErcZhEwVJn
30,mrguJHaRvl,PTYjTfvsVmzp,MZQiznsIblkJzgbajKNi
31,eAxraEKnCh,dihrdUGTETQQ,ilsmccoQUbclWXzFAjyC
32,NezIUnSsqI,EcRfMbCmxQJr,vUByBcrMsNKRlaFqsbDG
33,FVpJYMhgMy,bHADsSHVqTzr,rcigVhgUrecUdlassSZO
34,nOAdEHyYVz,UVDbZWrRVZpK,PYBoXOkUrABQYIMCyLzF
35,VADiABInFi,HjAlMtrRhhKt,WqqCvPdTzNZdnEtIygAD
36,XjmrVQUKpo,puGwNDTRQrQB,SegkOmgaWCDoAjDJddbS
37,rRLzdqRuwS,VKxLYYyVwCOV,HhBPwXUthJmmZATHyXNB
38,PtzIimCGNu,OKHAzWQpxGMt,DSgfpmorTkPGLucCpMYl
39,EJaajtWNFE,GMJDqlszPipt,PYdjocKRdcfzuQRaYgbi
40,YnPCpLPQkR,iPcYIwbBcwel,sxHsNTuOSuWeahQNRVHY
41,uuWJmNuZFg,lGUpBviVVcam,IPpUcCCwefAVkTldTmnY
42,nQSiNaeDxy,NLUdipRnwdXF,swsHiWNZtUzeAdPiuplj
43,dWKkpnHEqm,RwlYHaAVYKcv,lJNjTJiupBTmeoxsCZeK
44,pVUzeUJitz,mizRbLPFrcJW,hpBMFScddQRCDubokcaq
45,jaUosvdOqh,EBftdfHFCMmW,kkZWrCwKfIgxWIRHDdBx
46,AhoYAZgGwh,QRrXOuiJsaGh,ProuZANGnlUztrdMxhNr
47,HkWYeXVyWZ,GnJSWcAYDIYe,EJHMbwClBtKALqrNKDyb
48,MBQooBXenC,AtnywRkknulC,HspGsdAtrYbPJnVklfES
49,wwtWoAFOgb,viCSrlpvQBGo,dzCkjkPKdyJNmbEgCbjg
50,IyLcnZXtWJ,UFPwKNXBAWXn,EQsOetjEhrYsgHQdSnit
